datetime,X Wind Speed (m/s),Y Wind Speed (m/s),Z Wind Speed (m/s),Temperature (deg C),Horizontal wind speed,Wind direction
2019-11-11 00:00:00,-0.5617039306088415,0.34264074228523717,-0.042212677783986643,-5.034658882401979,0.6579619927740511,121.38329101642206
2019-11-11 00:01:00,-0.4265247944166662,0.13776645838333315,-0.01937416704416664,-4.856493333333315,0.44822204018506945,107.90032885549306
2019-11-11 00:02:00,-0.29446708360916646,0.22112291693249997,-0.03935041698666672,-4.874998333333324,0.36824748162346627,126.90382933211086
2019-11-11 00:03:00,-0.18835062545000003,0.371847916666666,-0.01419854178249999,-4.888261666666646,0.4168294990001859,153.1366020482069
2019-11-11 00:04:00,0.000501458392499942,0.49935875541666663,-0.004130416662499997,-4.705364999999979,0.49935900720003207,180.05753666982335
2019-11-11 00:05:00,0.1234162507999999,0.6676125181666667,-0.001186041671666667,-4.392471666666675,0.6789241823461338,190.47357822635703
2019-11-11 00:06:00,0.16752499992499986,0.9632177364166663,0.013902500108333342,-4.670569999999985,0.9776773666949223,189.8663191801141
2019-11-11 00:07:00,-0.12815958388333318,0.9738375231666663,-0.0029987501333333323,-4.8916033333333235,0.9822343918172161,172.50280827355314
2019-11-11 00:08:00,0.018827499759999977,0.9682471120833333,-0.00738541675083334,-5.10026916666667,0.9684301445147853,181.11397218100237
2019-11-11 00:09:00,0.303269583775,0.9169952319166659,-0.009398958653333338,-5.063768333333313,0.9658429974902554,198.30013551823603
2019-11-11 00:10:00,0.2737539583333333,1.1056681264166672,-0.009721875174166665,-4.573941666666662,1.1390536578567805,193.90628712902557
2019-11-11 00:11:00,0.32209083333333344,1.1027947922499994,-0.010836250154166664,-4.504383333333324,1.1488685123768867,196.28138304261975
2019-11-11 00:12:00,0.37587750009166654,0.9907868958333341,-0.0020099999949999992,-4.874799999999983,1.0596898452048198,200.77537794918794
2019-11-11 00:13:00,0.3934402085833332,0.8599644091666674,0.0344731255866667,-4.717474999999989,0.945692329863932,204.58445233231285
2019-11-11 00:14:00,0.3680552091666669,0.9289689811666668,0.043879375610000014,-5.09650999999999,0.9992237011623343,201.61334815178773
2019-11-11 00:15:00,0.4880460463333326,1.1604877092500012,0.034498333924166624,-4.806083333333331,1.2589363235135893,202.8093112022848
2019-11-11 00:16:00,0.4215206260833335,1.23812375,-0.003319583209166664,-4.532135833333336,1.3079105697744582,198.80119933917942
2019-11-11 00:17:00,0.3674381250000003,1.3535185416666673,-0.005519791860833333,-4.821071666666655,1.4025060493056627,195.18798679592834
2019-11-11 00:18:00,0.20952729167499978,1.2548618750000011,-0.03769041711083336,-4.911930833333311,1.2722342595941907,189.47936483098493
2019-11-11 00:19:00,0.2492622916666669,1.2560772917499983,-0.023755833515833366,-4.600391666666664,1.2805709089687023,191.22424017380845
2019-11-11 00:20:00,0.24277145834166666,1.1393189590000001,-0.011588541784166663,-4.280322500000003,1.1648972793007046,192.0289498746097
2019-11-11 00:21:00,0.33949812500000043,1.0779412565833342,0.00703416670249999,-4.243791666666666,1.1301399601478455,197.48184654307647
2019-11-11 00:22:00,0.42256375066666707,1.1622677105000023,0.003877083363333347,-4.374583333333329,1.2366997833946598,199.9796645292577
2019-11-11 00:23:00,0.37526895849999986,1.1063329211666668,-0.006543333425833333,-4.266424999999988,1.1682462598574177,198.73697486514385
2019-11-11 00:24:00,0.3957652085833332,1.0037798111666667,0.028097708712500016,-4.390130833333335,1.078982858821584,201.51807424948558
2019-11-11 00:25:00,0.3651395838333337,1.0253273037500004,0.016419375095000042,-4.725169999999987,1.088403875175583,199.60183261125457
2019-11-11 00:26:00,0.22939499999999996,1.0279245933333332,-0.009604375000833328,-4.6280633333333325,1.0532098725346712,192.5801774834115
2019-11-11 00:27:00,0.24623354166666653,0.7287425239166669,0.03314604230916664,-4.4465066666666715,0.7692181895965174,198.66950713651875
2019-11-11 00:28:00,0.14126437551749996,0.7682446104166677,0.04809208364416661,-4.628725,0.7811244492554351,190.41912605364385
2019-11-11 00:29:00,0.1463529170341666,1.1182160467499995,-0.01869416724999999,-4.15123,1.1277527670254712,187.45652922575246
2019-11-11 00:30:00,0.2501239583333331,1.1604208333333335,-0.005149374957500002,-4.087159999999991,1.187071398428234,192.1637729021151
2019-11-11 00:31:00,0.1785143750250001,0.883244188166667,-0.02456604192250001,-4.170102500000004,0.9011035889512155,191.42624741370986
2019-11-11 00:32:00,0.23853562515000035,0.43783125415916696,0.05649625090083336,-5.498882500000009,0.49859347326683945,208.58206885162616
2019-11-11 00:33:00,0.47922021747500015,0.4434316766424997,-0.025383125322499974,-6.161576666666662,0.6529040271638434,227.22131975847003
2019-11-11 00:34:00,0.5094293795833333,0.6452514729999996,0.014093541995833325,-4.796925833333327,0.8221117662406549,218.29127482664222
2019-11-11 00:35:00,0.46790708449999974,0.6632385614166669,0.02063375011583334,-4.819267499999981,0.8116787720985068,215.20252334357002
2019-11-11 00:36:00,0.4302072916666667,0.7161831483333342,0.018615416728333292,-4.5582716666666565,0.8354619175999676,210.99300712324737
2019-11-11 00:37:00,0.4677339593333327,0.6920404375000002,0.05587791748333328,-4.702991666666665,0.8352814039883969,214.05384158912867
2019-11-11 00:38:00,0.34282583336666717,0.7030439805,0.026579791684166673,-4.469162499999992,0.7821767003310917,205.99528419950653
2019-11-11 00:39:00,0.1152414589249999,0.9710160633333326,-0.011419166745000013,-4.788124166666662,0.9778306546158824,186.7682790437961
2019-11-11 00:40:00,-0.1081456255491669,0.7541656513333348,-0.018044792021666672,-4.96309833333332,0.761880112600699,171.83954730901573
2019-11-11 00:41:00,0.17400645871916665,0.7180779411666656,0.020745000383333323,-5.590369166666674,0.7388600525580892,193.6214901631504
2019-11-11 00:42:00,0.5359360530083335,0.8996816896666665,0.013709166600833328,-5.288222499999977,1.0472127747672004,210.78205354155142
2019-11-11 00:43:00,0.6279348071666664,0.9014548223333333,-0.00580583346333332,-4.62177833333333,1.0986004363550288,214.8602722961121
2019-11-11 00:44:00,0.5195889653333333,0.8827889925833328,-0.006536874943333339,-4.46747333333333,1.0243481333621198,210.4800720867329
2019-11-11 00:45:00,0.43021416749999974,1.1260266739999996,-0.012348541799166642,-5.053296666666658,1.2054129170028083,200.91005290748487
2019-11-11 00:46:00,0.43574354408333305,1.0689712589166669,0.015588750155833327,-5.493200833333339,1.1543708193644655,202.17722745007322
2019-11-11 00:47:00,0.4303110435000002,1.081858338916667,-0.02508916713416663,-5.759902500000001,1.164295950195477,201.69027566533862
2019-11-11 00:48:00,0.3900135419166669,1.1126858372499975,-0.03546416732833333,-5.224649166666652,1.179059088975235,199.31635050264262
2019-11-11 00:49:00,0.3291304166666663,1.1377870872499996,-0.01612000020083333,-4.783028333333332,1.184435007540731,196.13369784953122
2019-11-11 00:50:00,0.36741354166666707,1.4138768749999986,-0.01474854198416667,-4.623835833333331,1.4608355582541812,194.56683519029622
2019-11-11 00:51:00,0.4742808365833337,1.273972293500001,0.012640208532500004,-5.123394999999988,1.3593924071274783,200.41954640474842
2019-11-11 00:52:00,0.40726604285833307,0.9156487748333338,0.006970000132499979,-5.2928716666666595,1.0021368711504786,203.97873911292655
2019-11-11 00:53:00,0.30569479166666663,0.9068339915833322,0.023276458792500013,-4.972144166666661,0.9569729327118327,198.62902128661895
2019-11-11 00:54:00,0.1688150001666665,0.8429173240833342,-0.010198750246666655,-5.219164166666659,0.8596558145682959,191.3250645554525
2019-11-11 00:55:00,0.37499479166666694,1.089909169333334,-0.007637708344166675,-5.095593333333319,1.1526157604223557,198.98632120421078
2019-11-11 00:56:00,0.3426774999999999,0.8975217013333338,-0.006586250038333328,-4.48894749999999,0.9607148762096546,200.89706325177264
2019-11-11 00:57:00,0.30149145833333363,0.7743425255833324,-0.018825000153333334,-4.614118333333329,0.8309653701417009,201.2735278110739
2019-11-11 00:58:00,0.3372872916666664,0.8599883639999996,-0.006798125106666674,-5.167889166666661,0.9237655023517769,201.41510323664158
2019-11-11 00:59:00,0.5700877202499993,0.9912281384166679,0.033494583545833324,-5.394862499999991,1.1434741934861559,209.90461568346933
2019-11-11 01:00:00,0.5764758475833335,0.9201412681666674,-0.021481875009166717,-5.361827499999993,1.0858104605456174,212.06747209583048
2019-11-11 01:01:00,0.6316604355083332,0.8264864816666668,-0.008241041814999997,-5.41303333333332,1.0402282490705215,217.3896650274945
2019-11-11 01:02:00,0.2693772918083337,1.1522429252499993,-0.012796666823333334,-5.625505833333339,1.1833122513228145,193.15857071330663
2019-11-11 01:03:00,0.2986183333333335,1.2652956249999994,-0.02833979183416668,-4.931603333333316,1.300056124806509,193.27920372061317
2019-11-11 01:04:00,0.3093272917416661,1.0347137581666679,-0.0032874999883333294,-5.25645833333332,1.079961080204108,196.6440154800426
2019-11-11 01:05:00,0.2288039584333338,0.9785289796666661,-0.008746041729999997,-4.8311049999999875,1.0049229898068057,193.16070307771832
2019-11-11 01:06:00,0.18287583348333333,0.824153781,-0.02800854171166664,-4.693323333333336,0.844199635873423,192.51095555531023
2019-11-11 01:07:00,0.44397666825000004,0.8150800315833329,-0.022392708618333312,-4.445500833333334,0.9281544805883649,208.57726955400966
2019-11-11 01:08:00,0.37072270875000013,0.931916907083334,-0.004059166650833348,-4.46068833333333,1.002947879249318,201.69298985777522
2019-11-11 01:09:00,0.27558562500000006,0.970513779333335,-0.010291458383333332,-4.522895833333337,1.0088827645383351,195.8523454454253
2019-11-11 01:10:00,0.22059291666666686,0.7732639859999992,0.04844187589333334,-4.685518333333318,0.8041134415790561,195.92212581318037
2019-11-11 01:11:00,0.4615908416,0.3909239656074999,0.11145208368333333,-6.467455833333337,0.6048864785522075,229.7385432186195
2019-11-11 01:12:00,0.8402844074166663,1.1193666686666675,0.020288125240833337,-5.49955666666665,1.3996641112315094,216.89476690124854
2019-11-11 01:13:00,0.6376752266666673,1.1482643774166672,-0.038102500436666645,-4.907716666666658,1.3134461447461299,209.04509270459403
2019-11-11 01:14:00,0.8313610719999995,0.9754556506666654,0.005874791582499986,-4.987426666666642,1.2816688177741222,220.4402820987858
2019-11-11 01:15:00,0.7417350246666672,1.0489973055833341,0.013682500241666666,-4.919548333333317,1.2847436296547092,215.263731199998
2019-11-11 01:16:00,0.20663208356666654,1.2351156253333344,-0.005513958309999998,-5.119171666666667,1.25228088937812,189.49750059372664
2019-11-11 01:17:00,-0.08179645896750008,1.1165000058333332,-0.03344166718916666,-5.592707499999993,1.119492261574619,175.80991128167307
2019-11-11 01:18:00,0.12349604245916664,1.1556018756666688,-0.015520833708333362,-4.802149999999983,1.1621819855544997,186.0998935518089
2019-11-11 01:19:00,0.29899020844999974,1.0634556285833348,-0.026832916976666645,-5.209608333333322,1.1046868419215239,195.70331105641878
2019-11-11 01:20:00,0.09337395903333336,1.0408416789166663,-0.03411854235000003,-5.281831666666667,1.0450215771914106,185.12628470250976
2019-11-11 01:21:00,0.4120616729749994,0.9847814784166674,0.02833229219166664,-5.613262499999999,1.0675155186541658,202.70587524842134
2019-11-11 01:22:00,0.6950314811750001,1.1005845888333334,0.020601875271666677,-5.197404166666656,1.301673997974052,212.27286894277987
2019-11-11 01:23:00,0.5682983450833338,1.1997460454999995,0.010653541682499991,-4.957705833333324,1.327536659651003,205.34608181110528
2019-11-11 01:24:00,0.4788264599166659,1.451659375000001,-0.047483125650000034,-4.8062024999999915,1.5285907626770876,198.25501875201533
2019-11-11 01:25:00,0.5681162615833332,1.3034200005833336,-0.026383958810833292,-4.484796666666668,1.421850830641555,203.55074269475816
2019-11-11 01:26:00,0.5683225099166674,1.2298895874166664,0.010276875135833335,-5.4036424999999975,1.3548501291707207,204.80129517268972
2019-11-11 01:27:00,0.5669818879166657,1.2467918762499992,0.026065625234999976,-5.453059166666654,1.3696563232827934,204.4537918288713
2019-11-11 01:28:00,0.47425708833333347,1.2882047925000033,-0.0021272917425000037,-5.180609166666662,1.372731355092608,200.21136012434144
2019-11-11 01:29:00,0.41171916666666675,1.2445612499999985,-0.004863124971666679,-5.206004999999995,1.3108948764879103,198.30497490404872
2019-11-11 01:30:00,0.3102852083333339,1.097034792249999,-0.0036391664799999978,-4.997565833333319,1.1400711582692806,195.7930197158539
2019-11-11 01:31:00,0.16611833342500018,0.9341402421666665,-0.02618270852583334,-5.099499999999986,0.948795706532812,190.083508760731
2019-11-11 01:32:00,0.33807125033333313,0.9192660664999998,-0.0067833335241666666,-4.765625833333327,0.9794601938416513,200.19161104629785
2019-11-11 01:33:00,0.3527770833333337,0.8335250319166669,-0.005584375120000002,-4.674441666666659,0.9051053250074571,202.9397888820334
2019-11-11 01:34:00,0.34012187500000046,0.9248533670833334,0.0118954168925,-4.441306666666666,0.9854119141043988,200.19138332731487
2019-11-11 01:35:00,0.2750100000000004,0.9213104482500012,-0.0018914583241666709,-4.189736666666675,0.9614798189013737,196.62029757522677
2019-11-11 01:36:00,0.36596083333333324,0.9462852436666668,0.018538750464166663,-4.386539166666656,1.0145851831735522,201.14318908063154
2019-11-11 01:37:00,0.4336477097499997,1.032719390833334,0.05637020866666667,-4.860397499999997,1.1200712818274525,202.777951940972
2019-11-11 01:38:00,0.3657322929250004,1.0154460548333308,0.015773333699999992,-4.820686666666658,1.079301070306499,199.80745307642252
2019-11-11 01:39:00,0.3461547918333329,0.9612531450833336,0.0010612501399999985,-4.966584166666657,1.0216803555132976,199.804345944751
2019-11-11 01:40:00,0.3015433333333335,0.8517823230833331,0.029146042465833334,-4.778725833333319,0.9035825960005082,199.4947037378072
2019-11-11 01:41:00,0.3242645835000006,0.8353460727499991,-0.0025639583991666666,-4.768391666666661,0.8960750980644846,201.215213098843
2019-11-11 01:42:00,0.25293458333333346,0.8246406524166666,-0.006918958371666653,-4.277057499999999,0.8625590467116976,197.05187498794143
2019-11-11 01:43:00,0.21908395835833322,0.8955693939999985,-0.005385625365000004,-4.15537666666666,0.9219773968376234,193.74634932555372
2019-11-11 01:44:00,0.21811520851666658,0.8810873096666675,-0.026712916453333336,-4.637350833333339,0.907683365189599,193.90417547487755
2019-11-11 01:45:00,0.17111541694333343,0.7597937745000002,-0.006593333155000005,-4.796565833333321,0.7788241558173757,192.69199758562794
2019-11-11 01:46:00,0.09962041797500008,0.7140208576666661,0.021506458624166683,-4.880013333333318,0.7209368993612099,187.94265326033778
2019-11-11 01:47:00,0.3255616675250001,0.546997300833333,0.03873291698166665,-6.216175833333335,0.636550427288059,210.76024729146903
2019-11-11 01:48:00,0.5148735488333328,0.7240450260833341,0.025355833607499986,-6.020045833333339,0.8884458177538157,215.41690211879092
2019-11-11 01:49:00,0.3857514604999999,0.7354871069166665,0.018382500143333334,-4.635755000000003,0.8305091653428823,207.676306015059
2019-11-11 01:50:00,0.2458622916666667,0.43864729416666726,0.025487916815000008,-3.8538058333333334,0.502851583614215,209.27067840931485
2019-11-11 01:51:00,0.414823752833333,0.6393254347500005,0.03599020901833326,-4.720031666666659,0.7621126933944922,212.97736208119835
2019-11-11 01:52:00,0.5091879253583326,0.6469089757500001,-0.11141979222583333,-5.299756666666657,0.8232639711760967,218.20660460913845
2019-11-11 01:53:00,0.6838943964166673,0.34501791841666696,0.017630000439166685,-4.847086666666653,0.7659953717083985,243.22950993380093
2019-11-11 01:54:00,0.50922021275,0.21787583333333302,0.034833125119166634,-4.908809999999983,0.5538728227886339,246.83577205639284
2019-11-11 01:55:00,0.44707062641666645,0.2486812499999999,0.04290500091333343,-5.329667500000013,0.5115804033640783,240.9151750634498
2019-11-11 01:56:00,0.16432500006666692,0.34298729349999973,0.01243208351583332,-6.034588333333332,0.380319588174689,205.59905216301172
2019-11-11 01:57:00,-0.05830437521583332,0.7120475215000013,-4.750006250000088e-05,-6.178877500000001,0.7144305935803726,175.31890999221514
2019-11-11 01:58:00,-0.09365250002416665,0.6226558475833327,-0.02628291718666666,-6.1144499999999935,0.6296595074248422,171.4463663470453
2019-11-11 01:59:00,0.1610839585833333,0.7874746105833341,-0.03140166724833334,-5.564517500000002,0.8037812538410253,191.56080167598947
2019-11-11 02:00:00,0.3192460416666665,1.0113173055000002,0.011708958404166653,-4.971046666666653,1.0605096546112232,197.5195242843858
2019-11-11 02:01:00,0.32486645833333366,1.0365170931666663,0.008066041689166675,-5.216578333333334,1.086234735302052,197.40209844997105
2019-11-11 02:02:00,0.280813958333334,1.146538958333334,0.0029229166225000014,-5.635137500000007,1.180427067705126,193.76214794712052
2019-11-11 02:03:00,0.33642479166666706,1.2071943749999992,-0.017155000157500024,-5.686639166666674,1.2531958743467035,195.57226051636417
2019-11-11 02:04:00,0.2759391666666663,1.1294045838333324,0.0012606249183333316,-5.32204833333333,1.1626251062506938,193.72968547137572
2019-11-11 02:05:00,0.29194937501666673,1.1071935439166658,0.0007531250158333353,-5.329062499999999,1.1450379824544548,194.77175787177552
2019-11-11 02:06:00,0.4167479170000002,0.9922112731666658,0.024819583622500006,-5.0167233333333145,1.0761793702366047,202.78334731749845
2019-11-11 02:07:00,0.35647687499999897,1.0196491809166655,0.013832708485,-4.567457500000016,1.0801667531236978,199.27000307624212
2019-11-11 02:08:00,0.3606418750833338,1.1697337516666657,0.002220208189166667,-4.576205833333322,1.224066833082163,197.13511011247525
2019-11-11 02:09:00,0.37147000100000027,1.1077406299999986,0.018251875277499992,-5.014699166666666,1.1683660663489563,198.53837463517465
2019-11-11 02:10:00,0.3074504166666671,1.2298652083333357,-0.037766042016666695,-5.034474166666656,1.2677121871218666,194.0355469438898
2019-11-11 02:11:00,0.26539041666666696,1.117368967833332,-0.04021875018333344,-4.91119083333331,1.1484535182302473,193.36096045601494
2019-11-11 02:12:00,-0.0039858334191666634,0.733886897666667,-0.027939791840000006,-4.95374249999999,0.7338977213718887,179.68882236746427
2019-11-11 02:13:00,0.13211062532916681,0.7902079455833332,-0.02413020859999994,-4.947468333333324,0.8011752708289838,189.49119497317142
2019-11-11 02:14:00,0.4132941679166663,0.7682639845000017,0.014299792107500023,-5.251155833333321,0.8723769936866448,208.27840900257033
2019-11-11 02:15:00,0.33510562508333414,0.7344981495833336,0.034760000359166716,-5.567777499999999,0.8073309802700707,204.52425173570066
2019-11-11 02:16:00,0.37746916724999974,0.8295098239166666,0.027671250650000007,-5.425680833333323,0.9113558691305321,204.46794980335372
2019-11-11 02:17:00,0.4276275006666664,0.8826696213333319,-0.0016043750483333383,-4.960729166666667,0.9808011723846721,205.8488249913481
2019-11-11 02:18:00,0.3205689583333335,0.9426964880000008,0.012284583495000008,-4.7873658333333164,0.9957113665789169,198.78087447163585
2019-11-11 02:19:00,0.460429379083334,0.8543039908333323,0.019035416974166663,-4.9898616666666635,0.9704795319205979,208.32256410213841
2019-11-11 02:20:00,0.6213927250833335,0.9162452446666659,0.04821500057583328,-5.165025833333324,1.1070836766752412,214.1449147989578
2019-11-11 02:21:00,0.35129979267500017,0.6584089767499992,0.08533812571666662,-5.84257499999999,0.7462666581045136,208.0825359752418
2019-11-11 02:22:00,0.21594041684916684,0.7734183564166663,0.055829375600000015,-5.999042500000002,0.8029982675393823,195.5998716014991
2019-11-11 02:23:00,0.3273818749999999,0.9619500303333327,0.06037541775999999,-5.873672499999993,1.0161332358194053,198.79505575425893
2019-11-11 02:24:00,0.1787068753833333,1.030273345333332,-0.009302083419999985,-5.174449999999992,1.0456573594699219,189.84037533432544
2019-11-11 02:25:00,0.1279029171583333,0.9734627318333344,-0.045297292615833366,-5.201402499999989,0.981829336741386,187.4851954133555
2019-11-11 02:26:00,0.15574437516666662,0.8444362844166661,-0.012545625073333339,-4.687105833333316,0.8586786062523509,190.44996460359542
2019-11-11 02:27:00,0.398829376833333,0.7818956553333344,-0.0017639582816666903,-4.658061666666651,0.8777389632769012,207.0252213938026
2019-11-11 02:28:00,0.5701445958333324,0.6847318955833337,0.025762291778333297,-4.604774166666661,0.8910233605170513,219.7825847987159
2019-11-11 02:29:00,0.641089391333334,0.8444671170833333,0.04872562577000003,-4.659778333333319,1.0602454053261354,217.2044749970798
2019-11-11 02:30:00,0.5567031366666668,0.8932279378333335,0.07177812606750002,-5.470241666666672,1.0525086846674925,211.93316962665008
2019-11-11 02:31:00,0.4597108363333338,0.9762296032500003,0.01142333349500001,-5.305472499999982,1.079054350486548,205.2159534506571
2019-11-11 02:32:00,0.644033977499999,1.1940685438333356,0.007081666950000002,-5.159510833333323,1.3566795684857689,208.3406915008386
2019-11-11 02:33:00,0.6518546015833336,1.1822252085833334,-0.0022091664158333316,-4.7329558333333255,1.3500262461949666,208.8714360233682
2019-11-11 02:34:00,0.35985041766666587,1.1520752111666681,0.038616042466666604,-5.080144166666669,1.2069671144151346,197.34618211840106
2019-11-11 02:35:00,0.23772145833333316,1.1239789587500022,-0.007062708342499999,-5.16306416666667,1.1488429794644983,191.94206341430336
2019-11-11 02:36:00,0.19172437503333326,0.9132327370833332,-0.013671875135833345,-4.909649999999983,0.9331410761844312,191.85650421508382
2019-11-11 02:37:00,0.24318625006666644,0.7949679454166654,-0.017860208349166667,-5.421873333333322,0.8313324163422725,197.00923768806945
2019-11-11 02:38:00,0.3355781249999998,0.9065042051666659,0.008633541679166662,-4.581388333333338,0.9666243075587144,200.31401139183563
2019-11-11 02:39:00,0.29136895833333326,0.9001987849166678,0.01231062496166668,-4.403494166666672,0.9461784832925006,197.93530452030888
2019-11-11 02:40:00,0.3392510416666667,1.1121587500000005,-0.014968541773333332,-4.3574399999999995,1.162750340560467,196.9637148140818
2019-11-11 02:41:00,0.6196221005833328,1.0482910490000006,0.06673833441000013,-4.7604899999999875,1.217721507958541,210.5864125780371
2019-11-11 02:42:00,0.8405719083333322,1.1188114583333333,0.04229833390083334,-4.998881666666654,1.3993928013167354,216.91782801074217
2019-11-11 02:43:00,0.5482468868500004,1.0081323062500003,-0.006927083501666666,-5.367884166666664,1.1475649854564496,208.53842393165024
2019-11-11 02:44:00,0.5468898004166662,1.0673673020000007,0.013178125140833332,-4.914779999999995,1.1993170603216408,207.12936000244432
2019-11-11 02:45:00,0.5307658412499997,1.0988954219166676,0.025601875597499994,-4.919430833333321,1.2203620473233467,205.7805152380522
2019-11-11 02:46:00,0.44677104550000024,1.134746253916667,0.06743104237916656,-4.766236666666649,1.2195300028597378,201.4904972397475
2019-11-11 02:47:00,0.3141435416666659,1.1574768791666668,-5.7083172499995125e-05,-4.808934999999978,1.1993493613523472,195.18451157610937
2019-11-11 02:48:00,0.2472835416666668,1.1224793781666649,-0.034979583708333324,-4.7623949999999855,1.1493951036909078,192.42387767363334
2019-11-11 02:49:00,0.16484958376666667,0.9336681415000004,-0.03898833383500002,-4.9691775000000025,0.9481094787629264,190.01301556971995
2019-11-11 02:50:00,0.21606541675833346,0.8988564888333326,-0.011437708608333335,-4.754499999999988,0.9244605193499283,193.51621530557998
2019-11-11 02:51:00,0.0024729169474999855,1.0687383394999992,-0.02368958360083335,-5.044581666666656,1.068741200494977,180.1325745003039
2019-11-11 02:52:00,-0.07889250114250013,0.8989381591666675,-0.017768125077499954,-4.711904999999995,0.9023933957772942,174.9844652370394
2019-11-11 02:53:00,0.17224104179083327,0.8078437820833337,0.006636666792500009,-4.968332499999982,0.8260015452333587,192.03586148337814
2019-11-11 02:54:00,0.2877837499999996,0.8187017004999998,0.016922083596666658,-4.7381516666666545,0.8678087123126004,199.36720414377373
2019-11-11 02:55:00,0.3752864583333336,0.8550029514166664,0.03806791728500002,-4.893144166666659,0.9337397778501177,203.6981122913518
2019-11-11 02:56:00,0.4967958383333336,0.8175021176666681,0.10317500057499997,-4.9099516666666645,0.9566168602814852,211.28703990066774
2019-11-11 02:57:00,0.7699948185833329,0.8803164933333343,0.07788541745250005,-5.226575833333312,1.1695508321915205,221.17552410753873
2019-11-11 02:58:00,0.6421256412500003,0.9726658551666671,0.004510833360000009,-5.224648333333329,1.1655059866675195,213.4316292595184
2019-11-11 02:59:00,0.5013860483333334,1.1511854187500006,-0.012190416808333335,-5.254414999999994,1.2556336399626804,203.53499954362113
2019-11-11 03:00:00,0.3367650000833333,0.9047223177499991,-0.031053958718333274,-5.123859166666662,0.9653668409035282,200.41678803334298
2019-11-11 03:01:00,0.3871977083333332,0.6785593945000007,0.02403125023083333,-5.162569999999989,0.7812585469630349,209.70982709781808
2019-11-11 03:02:00,0.4106914610000004,0.6465208529166662,0.0866595839608333,-5.056254166666664,0.7659351731017504,212.42506511977837
2019-11-11 03:03:00,0.44918583824999936,0.8824727424166665,0.12296500034916652,-5.592379999999992,0.9902151576262337,206.97646587325073
2019-11-11 03:04:00,0.3755050002583332,0.7246762703333335,0.10499479228333336,-5.990742499999995,0.8161860706991032,207.39180441414047
2019-11-11 03:05:00,0.18220437531083347,0.5658043873333335,0.07503687542583333,-6.698660833333325,0.5944182358475049,197.84996807406105
2019-11-11 03:06:00,0.1334050002824999,0.6132845981666659,0.0018083333274999988,-6.858661666666662,0.6276263955959969,192.2721119572029
2019-11-11 03:07:00,0.1805545834416669,0.6863791871666669,0.007905833450000005,-6.644503333333332,0.7097297698260713,194.73797932235513
2019-11-11 03:08:00,0.3019864583333327,0.8057714876666663,0.006130416818333351,-6.215185833333344,0.860501895031767,200.54495724782055
2019-11-11 03:09:00,0.5526631346666667,0.7568437780833336,0.02048854171833333,-5.700378333333341,0.9371494250347916,216.1376994371179
2019-11-11 03:10:00,0.3884887503333337,0.7560666963333329,0.03692208376250002,-5.302847499999998,0.8500355042231797,207.1953987191896
2019-11-11 03:11:00,0.28239791668333314,0.9750435672499997,-0.002261666650833338,-5.548000833333348,1.0151150384969634,196.15238796783007
2019-11-11 03:12:00,0.4468387536666674,1.2461447916666657,-0.012157292017500047,-5.840455000000006,1.323835984393965,199.72666160529735
2019-11-11 03:13:00,0.5000837561666668,1.1916931277500016,-0.0024343750266666688,-5.950312499999995,1.292368474510402,202.76493745251875
2019-11-11 03:14:00,0.37615750050000024,1.101199382333333,-0.026124375145000017,-5.42715166666665,1.1636728684788187,198.85959821808464
2019-11-11 03:15:00,0.31261520833333334,0.9040227454999997,-0.008116458472499985,-5.119336666666659,0.9565486881819715,199.0756199917975
2019-11-11 03:16:00,0.35618541691666666,0.853224614083333,0.007621458517500009,-5.527403333333329,0.9245865526286613,202.65848566798502
2019-11-11 03:17:00,0.36077333341666623,0.8944189883333347,0.012848750209999977,-5.1261549999999945,0.9644390726198305,201.9672041626181
2019-11-11 03:18:00,0.40576333416666716,0.9388110633333353,0.003656875182499999,-5.232849166666656,1.0227463497813707,203.37447343281045
2019-11-11 03:19:00,0.6267631425000008,0.7658981545833338,0.025424583353333332,-5.442138333333333,0.9896625788573763,219.29474784153658
2019-11-11 03:20:00,0.6121229310833345,0.801269405416666,0.01494395838166669,-5.792619166666672,1.0083288862344617,217.37771012259213
2019-11-11 03:21:00,0.6183825151666678,0.8602012840833335,0.031519167045000004,-5.477823333333362,1.0594069964855197,215.71164699454766
2019-11-11 03:22:00,0.6416752274999998,0.8341600302500007,0.02603166703250004,-5.7020858333333315,1.0524115419615363,217.56918173860015
2019-11-11 03:23:00,0.4932797992500011,1.0690350102499993,-0.004461041739166664,-5.7967908333333265,1.1773533086921433,204.7697952102849
2019-11-11 03:24:00,0.5052652153333336,0.7929798207499991,0.03151500012333332,-5.690022499999987,0.9402712023360816,212.5041809810973
2019-11-11 03:25:00,0.6406973090000019,1.0829879244166682,-0.024455625232499997,-5.288310833333321,1.2583147007772606,210.6086238251928
2019-11-11 03:26:00,0.5514870926666672,1.0707787599166667,0.040408958692500004,-5.480703333333325,1.2044522265605255,207.2499912310279
2019-11-11 03:27:00,0.4078475034166659,0.6396066855833329,-0.004549791565000004,-5.3143116666666605,0.7585751764236052,212.52376756911053
2019-11-11 03:28:00,0.044594999662500134,0.7283900215833325,-0.048036458884999966,-5.018150833333331,0.7297538883329544,183.50350752485062
2019-11-11 03:29:00,-0.08810125144166665,0.846045450666666,0.007796666752499997,-4.4522491666666655,0.8506202061433468,174.05504516936344
2019-11-11 03:30:00,0.31754583569249983,0.6460758512500002,0.032524583694166595,-5.041084999999989,0.7198953836037987,206.17408494597467
2019-11-11 03:31:00,0.24632562519166668,0.7264854411666656,0.01039020832666668,-4.663024999999997,0.7671097769245222,198.72998776740218
2019-11-11 03:32:00,0.13719458479166682,0.9390283682500005,-0.021679583571666664,-5.280076666666666,0.9489976978235597,188.31225685281788
2019-11-11 03:33:00,0.5033552159999999,0.6614525167583338,0.049975625191666644,-6.4725008333333385,0.8311954676249989,217.27057807608793
2019-11-11 03:34:00,0.6719598116666674,0.2823810416916668,0.008975416886666658,-6.511109166666657,0.7288820488954121,247.20614896939472
2019-11-11 03:35:00,0.7831514854166667,0.04623020824000007,0.0410572923775,-6.229018333333332,0.7845148062747097,266.6216937993572
2019-11-11 03:36:00,0.9036169031666681,0.2626047943408334,0.011128125186666669,-5.989437499999989,0.941002011527771,253.79533313880745
2019-11-11 03:37:00,0.69389418725,0.6871639764166663,0.020362500254999978,-5.175197499999983,0.976567188463806,225.27921316684325
2019-11-11 03:38:00,0.5485229259166658,0.5233464667500001,0.0450562506241667,-5.446649166666678,0.758135162432062,226.34553675360257
2019-11-11 03:39:00,0.34217770908333367,0.3996777084166672,0.008489375095000001,-5.843419166666646,0.5261443292469443,220.56795895394683
2019-11-11 03:40:00,-0.018961249824999894,0.34257083349166606,-0.002076041634166681,-5.944124999999997,0.3430951835192398,176.83191887929797
2019-11-11 03:41:00,-0.5171518871666669,0.17598604197499984,-0.019881250377500014,-6.999728333333337,0.5462757191840687,108.79336543159783
2019-11-11 03:42:00,-0.6224268898333332,0.43090187774999983,-0.03171312542916664,-7.1110925000000025,0.757028177438642,124.69459062041491
2019-11-11 03:43:00,-0.07038854138583327,0.64229022575,-0.02261020849333333,-6.212145833333335,0.646135652051805,173.7459168854177
2019-11-11 03:44:00,0.30038708405166653,0.3978441675000002,0.009885000277499995,-5.155579999999989,0.4985101622623466,217.0541563699724
2019-11-11 03:45:00,0.3864145836666671,0.7343889840833338,0.054223542632500045,-5.9105241666666615,0.8298454135640171,207.7520682053757
2019-11-11 03:46:00,0.3754506250833339,0.7583802346666669,0.047973125815833365,-5.920193333333329,0.8462291369413694,206.33859017771385
2019-11-11 03:47:00,0.41571771183333317,0.6233733485833337,0.006099583339166673,-5.920871666666676,0.7492766829789519,213.698687449287
2019-11-11 03:48:00,0.6732135630833335,0.3661868755833331,0.026839166930833366,-5.445677499999988,0.7663610959390103,241.45652180929886
2019-11-11 03:49:00,0.5740629305000006,0.36754854166666656,0.012182916724166696,-5.95337583333333,0.6816451999798295,237.37026009529137
2019-11-11 03:50:00,-0.021900000699166648,0.5782443869166672,0.00048520832333332923,-6.140647500000001,0.5786589505323977,177.8310586124119
2019-11-11 03:51:00,0.022405833424999987,0.8704429375833331,-0.008713125194166676,-6.624533333333331,0.8707312610445149,181.47450937410488
2019-11-11 03:52:00,0.17667770854166656,1.1187497949166663,-0.019298333559166683,-6.124080000000005,1.1326147254568153,188.97427576738255
2019-11-11 03:53:00,-0.09897437589249994,0.8953383677499996,-0.013799166720000018,-6.059017499999997,0.9007922734174308,173.6919012885173
2019-11-11 03:54:00,-0.25549374999999974,0.3247068769499995,-0.010210000216666687,-5.625704166666686,0.41317261795487426,141.8027643212111
2019-11-11 03:55:00,-0.15271208375833323,0.18006937534166675,-0.016163333333333297,-5.305258333333321,0.23610582470949387,139.6996024410449
2019-11-11 03:56:00,-0.44411167576666666,0.3699206270000007,-0.03874541721750004,-5.135031666666658,0.5779934695412661,129.79243959258955
2019-11-11 03:57:00,-0.6591252212916668,0.5644437604166658,0.018288750131666684,-4.59960166666665,0.8677803961925478,130.57519098175203
2019-11-11 03:58:00,0.41210667159333353,0.5200693835333329,0.043996041833333326,-5.892251666666658,0.6635541217266882,218.39355499451074
2019-11-11 03:59:00,-0.5740398079808333,0.6694429349999992,-0.04875812579000001,-6.330423333333337,0.8818591408882063,139.38728159015736
2019-11-11 04:00:00,-0.7053679351666654,0.7456289814999993,-0.011116041858333304,-6.273876666666665,1.026404648281569,136.5893874604218
2019-11-11 04:01:00,0.20750125447499992,1.0200150175833325,0.022485416756666664,-6.257163333333323,1.0409070115549346,191.49875151029713
2019-11-11 04:02:00,0.8405652286666663,0.7133821047499993,0.052629792260000044,-5.335544999999986,1.102480807552215,229.67895535583563
2019-11-11 04:03:00,0.724173773166667,0.07582104204083331,0.02833416685499996,-4.929734999999977,0.7281321886571182,264.02290511892716
2019-11-11 04:04:00,0.5085875048333336,0.19733979199166649,0.0011512500041666687,-4.758789166666642,0.5455311572915981,248.79297920325376
2019-11-11 04:05:00,0.36908541666666733,0.3416275017500002,0.0255354167675,-4.341072499999993,0.5029248400585855,227.21248349634095
2019-11-11 04:06:00,0.5179785536508336,1.0750958430833335,0.017463750190000016,-6.2141183333333325,1.1933703758084802,205.72465369312582
2019-11-11 04:07:00,0.3115202095408334,0.8468883626666681,0.017457083700833317,-6.066665833333337,0.9023661894001762,200.19558815624816
2019-11-11 04:08:00,-0.1499916669066668,0.9371366998333345,-0.021866667059166647,-6.059959166666666,0.949064114965872,170.90675467366697
2019-11-11 04:09:00,-0.12892937580916664,1.304696250083334,-0.009051458428333343,-5.822304166666675,1.3110511389446464,174.35638505201345
2019-11-11 04:10:00,-0.2019420836491668,1.1444345921666692,-0.021381041982499953,-6.0338916666666496,1.1621149430655549,169.99284375258375
2019-11-11 04:11:00,-0.13115270879249993,1.100004593749998,-0.009670625076666658,-4.857551666666658,1.107795621626439,173.2007650982015
2019-11-11 04:12:00,-0.20810187513333323,0.8140927393333335,-0.032033542087500005,-4.49747833333333,0.8402698249189127,165.6608680999394
2019-11-11 04:13:00,0.09648770994999999,0.4946447991749999,0.042124583715833344,-4.761235833333321,0.5039676135648712,191.03777691886572
2019-11-11 04:14:00,1.3633152111666644,0.17187667309083293,0.025178542049166638,-6.872860833333332,1.3741069666336678,262.81448251167745
2019-11-11 04:15:00,0.9406171006666684,0.1483700008341666,0.01650000008416668,-6.317814166666662,0.9522469150457248,261.0361984789974
2019-11-11 04:16:00,0.30911541756666705,0.762201902916667,0.001653124931666667,-5.258091666666663,0.822498682179615,202.07530079967606
2019-11-11 04:17:00,0.15349083345166656,0.8880110760833346,-0.00045229168583333165,-5.236244999999991,0.9011787321061062,189.80655872320975
2019-11-11 04:18:00,0.04697583305000003,1.41345541675,-0.03533437549250001,-5.784640000000006,1.4142358162734594,181.90351009799244
2019-11-11 04:19:00,-0.22329187544166634,1.4687931249999993,-0.019419791860833365,-5.877155000000008,1.4856690431201425,171.3558507326081
2019-11-11 04:20:00,0.40303125790666644,1.3399535464999985,-0.002735625009999976,-6.33424666666667,1.3992532657198815,196.74023726030214
2019-11-11 04:21:00,0.5535845931666672,1.2383702132499979,-0.04725687533666665,-6.080675833333334,1.356472147467964,204.08591999978316
2019-11-11 04:22:00,0.2990452083750002,1.3602914583333345,-0.049400834283333375,-5.08643249999998,1.392774528869148,192.39862326521578
2019-11-11 04:23:00,0.19667291670000012,1.3398858333333337,-0.026587916848333306,-4.747612499999987,1.3542430662664096,188.3504355451809
2019-11-11 04:24:00,0.2542141666666666,1.3660343749999997,-0.018331458358333313,-4.750257499999992,1.3894872277986823,190.5419500037279
2019-11-11 04:25:00,0.12523270870916647,1.304733541666667,-0.031093958816666677,-4.759248333333325,1.3107298905879423,185.48264572468022
2019-11-11 04:26:00,-0.08758083386000015,1.3795639599166656,0.015642083470833342,-6.141148333333327,1.3823411742260174,176.36748477987638
2019-11-11 04:27:00,0.2822875034833338,1.2902327121666644,-0.005685000025833335,-6.256763333333337,1.320752318251912,192.34116799280122
2019-11-11 04:28:00,0.7667564835833347,0.3725500075849995,0.08028895860416672,-6.497254166666672,0.8524722947220419,244.08590887310953
2019-11-11 04:29:00,0.6243329289999999,0.7367879333500007,0.030642083615833364,-6.015990833333339,0.9657370578806034,220.27698332085046
2019-11-11 04:30:00,0.13866979234083326,1.2331770833333333,-0.014551875090833333,-4.877113333333333,1.2409492456044915,186.41591319338818
2019-11-11 04:31:00,0.2677137543508336,0.7175429348333332,0.022724375451666664,-5.803092500000001,0.7658580270506091,200.46043884699134
2019-11-11 04:32:00,0.6989987717500011,1.04242563625,0.024410417088333334,-6.1976008333333255,1.2550898334458882,213.84383897745565
2019-11-11 04:33:00,0.38129458616666656,1.2195320835000008,-0.012238333462499994,-5.758139999999993,1.2777496093233065,197.36219130607955
2019-11-11 04:34:00,0.026630416971666685,1.2182924999999991,-0.027919375365000013,-5.523147500000003,1.2185835197738122,181.25221780017813
2019-11-11 04:35:00,0.46081272084166663,1.1209443827500005,0.03679875034999996,-6.301046666666664,1.2119672738602638,202.34723518179663
2019-11-11 04:36:00,0.7898121138333343,1.3359668750000007,-0.0018460416324999802,-5.178740833333342,1.5519699308476138,210.59121387516066
2019-11-11 04:37:00,0.2944200011416667,1.1076352196666641,-0.01589145852583334,-4.088364166666665,1.1460972545636248,194.88555771679424
2019-11-11 04:38:00,-0.03385020832333338,1.1757633355000017,-0.023669375406666693,-5.3697599999999905,1.176250508059241,178.3509109125531
2019-11-11 04:39:00,0.2677908334066663,0.7967637723333326,-0.009025208414166644,-6.283170833333335,0.8405619782975433,198.57740169465865
2019-11-11 04:40:00,0.25004062556583356,0.6289148077500006,-0.04184854218416668,-6.0018324999999955,0.676796978303371,201.68151751206966
2019-11-11 04:41:00,-0.1871531252750001,1.1451375045833343,-0.013228125105833302,-5.35908999999999,1.1603302102003317,170.71804623974595
2019-11-11 04:42:00,0.23374666678333356,0.9756891865000006,0.003958958450000011,-5.8431,1.0032980080142448,193.47248053073494
2019-11-11 04:43:00,0.15062020837249984,1.0275666881666654,-0.0160183337525,-5.104974166666674,1.0385469396228484,188.33900224745173
2019-11-11 04:44:00,-0.15473041704166685,1.1923956250833319,-0.00730000031583335,-4.689788333333338,1.2023929593422267,172.6063668718929
2019-11-11 04:45:00,0.6712839774999998,1.372612293083334,0.024329791849999984,-6.081800000000005,1.527968155941644,206.06121242858362
2019-11-11 04:46:00,1.1502797950833334,1.2757775007500003,0.013347708385833358,-5.617527500000012,1.7177752584074764,222.03878160953315
2019-11-11 04:47:00,0.8829718861833341,1.5416002085833322,-0.07141770875250004,-5.2546533333333265,1.7765614413507709,209.80249419576802
2019-11-11 04:48:00,0.3289443753325,1.4819702098333305,-0.04287104248499995,-5.511970833333321,1.5180382422377687,192.51472064819376
2019-11-11 04:49:00,0.3277937505416669,1.428158541666669,-0.044394792099166636,-5.48804166666665,1.4652936780828747,192.9267483504384
2019-11-11 04:50:00,-0.2834083355408337,1.3027045833333342,-0.03711833364416668,-4.99770333333332,1.3331764759744682,167.72633626488476
2019-11-11 04:51:00,-0.18990229256750005,1.4251197916666667,0.0021035417225000004,-4.868684999999994,1.4377166971703554,172.40984724389966
2019-11-11 04:52:00,0.3194293772333334,0.8510337734166665,-0.005823125108333329,-5.6864449999999795,0.9090069364617002,200.5732614709239
2019-11-11 04:53:00,0.3531200026333328,1.1471452170833318,-0.01923645840250002,-4.639789166666655,1.20026492298031,197.10967508222012
2019-11-11 04:54:00,0.32097458721,1.2573489628333328,-0.05110583396166659,-5.218397499999993,1.2976714144854573,194.32055187222414
2019-11-11 04:55:00,0.4207810429166672,1.4223866666666645,-0.013458541930000002,-4.802975833333318,1.4833207729918512,196.4796641481196
2019-11-11 04:56:00,0.41573916941666644,1.1236533448333337,-0.012064167034166616,-4.691895833333332,1.1980967808747331,200.30391001818026
2019-11-11 04:57:00,0.7499252280833331,0.7072468922749992,0.07361854203583337,-4.9678766666666725,1.0308181286475726,226.6776258911775
2019-11-11 04:58:00,0.9124733508333333,0.8134685585083336,-0.011905416695833336,-5.81968166666667,1.2224314752421248,228.2830462906174
2019-11-11 04:59:00,0.43529354938333387,1.3012554220833328,-0.020500000001666668,-5.62474833333334,1.3721319716543352,198.49602330536823
2019-11-11 05:00:00,0.22670354192500036,1.3476718754999988,-0.025294792071666718,-6.142774166666673,1.3666067393127492,189.54881910161015
2019-11-11 05:01:00,0.7648979409166659,0.9122033479999994,0.012230416547499975,-6.118584999999995,1.1904552944655096,219.98040211380862
2019-11-11 05:02:00,0.8119708585833332,0.649098767,-0.019742083147500016,-5.777532499999985,1.0395315697512393,231.36076097990664
2019-11-11 05:03:00,0.5963723040833341,0.868441678333333,-0.006103750048333334,-5.562919166666656,1.053494600718998,214.4779871554583
2019-11-11 05:04:00,0.21107583364999996,1.1303654195833321,-0.01927604179333332,-4.867924166666654,1.1499039043941215,190.57716211712247
2019-11-11 05:05:00,0.11433687557499991,1.0922489635000003,-0.04557520866000001,-4.8743874999999885,1.0982170638735669,185.97597081630815
2019-11-11 05:06:00,-0.1978714585341664,1.0011327272500004,-0.027522917247500035,-5.013385833333321,1.0204998048375424,168.819725833139
2019-11-11 05:07:00,-0.2805033333666668,0.9923471059999999,-0.023351666946666655,-5.103612499999989,1.031229799228274,164.21617706505273
2019-11-11 05:08:00,0.031518124811666694,1.031963349083334,0.023082708722499977,-4.710301666666652,1.0324445486528246,181.74937834771606
2019-11-11 05:09:00,0.47532000908249994,0.3631066782750004,0.061040416978333456,-6.6718033333333375,0.5981434366789395,232.62305033348426
2019-11-11 05:10:00,0.9915321009999991,0.10673541667499997,-0.036936875075000035,-6.6378524999999895,0.9972604256092078,263.85594278141696
2019-11-11 05:11:00,0.6264243866666668,0.46894105250000034,-0.02477416677416661,-5.390227499999994,0.7825044555339719,233.18148814526614
2019-11-11 05:12:00,0.028570833465000042,0.7870244057500007,0.004315625096666659,-4.662634999999995,0.7875428291661517,182.07905831575349
2019-11-11 05:13:00,-0.1486195835333334,0.6320489756666664,-0.0595147920216667,-5.078604999999982,0.6492870615150926,166.76788287792508
2019-11-11 05:14:00,0.1199629168566666,0.9553143867500011,-0.043644167360833354,-5.147801666666657,0.9628170537294665,187.15741169684023
2019-11-11 05:15:00,0.18863291681666672,0.8974439723333325,0.04876125069000003,-6.059985833333328,0.9170540119230681,191.87015426296495
2019-11-11 05:16:00,0.3677535420341673,1.0948262600833323,0.08172145889416665,-5.908119999999979,1.154940348003624,198.56726590300607
2019-11-11 05:17:00,0.3273618749999996,1.2097618750000005,-0.004764999984166669,-5.1325133333333195,1.253271555333094,195.1416256663228
2019-11-11 05:18:00,0.48006021575000035,0.9061146005000014,0.1547758339499999,-5.527641666666665,1.0254274620787245,207.91467738116395
2019-11-11 05:19:00,0.7671946108333327,0.382487093631667,0.03372020858166669,-6.636130833333337,0.8572537242185119,243.50131765505577
2019-11-11 05:20:00,0.6317635589166667,1.0141652244166683,0.004749166885000009,-5.694244999999987,1.194845720915953,211.92040820210323
2019-11-11 05:21:00,0.49031333783333386,1.3208512503333334,-0.00977937520249998,-5.172473333333317,1.4089198681132988,200.36543498232797
2019-11-11 05:22:00,0.5499062604166669,1.4457102085833347,-0.026294583299166622,-4.849519166666657,1.5467627169179867,200.82536407568492
2019-11-11 05:23:00,0.5876873045000001,1.5419122916666659,-0.03199583399916672,-4.936739166666658,1.6501120819699566,200.86393747338195
2019-11-11 05:24:00,0.6018029339166675,1.4576639583333322,-0.02433812517499998,-5.181729166666664,1.5770069710355459,202.4334967168272
2019-11-11 05:25:00,0.5842060549249999,1.5082868751666698,-0.052848958700000045,-5.007974166666656,1.6174751968457102,201.17292328195683
2019-11-11 05:26:00,0.4958664628333337,1.3665058354166657,-0.03374458365750004,-4.656999999999992,1.4536924527528652,199.94440795075164
2019-11-11 05:27:00,0.41965729435833377,1.0250604359166664,-0.043155000196666675,-5.094559999999993,1.1076376402009023,202.26407552496698
2019-11-11 05:28:00,0.3737829187749998,1.1645454214166682,-0.0341300002166667,-6.062144166666667,1.2230616128840293,197.79501723881936
2019-11-11 05:29:00,0.41854208906666646,0.9867600175833322,-0.07687604191583343,-6.313437499999997,1.0718548468059224,202.98461406071013
2019-11-11 05:30:00,0.4928733412583327,0.6461223071750001,-0.013352083374166662,-5.9206675,0.812648857965295,217.3370185704614
2019-11-11 05:31:00,0.5415331339999989,0.7764062768333332,0.02699250026583334,-5.755707499999992,0.9466070155698505,214.8952648282666
2019-11-11 05:32:00,0.41382729283333397,0.8446346128333332,0.05447395904916663,-5.845674166666676,0.940564010309708,206.10246529703358
2019-11-11 05:33:00,0.35924437807500026,0.47125063108333315,0.008148958556666665,-6.233844166666662,0.5925653385702994,217.31904425999818
2019-11-11 05:34:00,-0.00042291682583333164,0.6094927269166663,-0.041347084026666654,-6.102700000000005,0.6094928736441104,179.96024342170745
2019-11-11 05:35:00,0.09976041678166683,0.6863573122500007,-0.004362708163333378,-5.959680833333331,0.6935693915070769,188.26989451324448
2019-11-11 05:36:00,0.2116997918175,0.814611482250001,-0.029465000394166677,-5.654248333333341,0.8416701663176119,194.56768098232615
2019-11-11 05:37:00,0.18588479174083317,1.2083593795,-0.020437708365833335,-5.411868333333338,1.2225733294269747,188.74539097718062
2019-11-11 05:38:00,-0.06934083390000008,1.214892505166665,-0.03331875002250001,-5.746568333333335,1.216869734341389,176.73334768304673
2019-11-11 05:39:00,0.30501958625000025,1.1197666760833334,0.005364791609166662,-5.846139166666663,1.1605663948533225,195.23743275580446
2019-11-11 05:40:00,0.863005241916667,1.0561120952499994,0.022646458683333388,-5.3456075000000025,1.3638734564867039,219.2540816914973
2019-11-11 05:41:00,0.5857275132500004,1.1394187511666654,-0.04912416723583337,-4.916520833333319,1.2811525320149169,207.20580006477704
2019-11-11 05:42:00,0.17952145875000028,1.371955624999999,-0.04609625076000004,-4.600236666666668,1.38365103661323,187.4548426878884
2019-11-11 05:43:00,0.09602416710499999,1.4846560416666663,-0.04954208426916661,-4.811639166666655,1.4877581129758772,183.7006059688448
2019-11-11 05:44:00,0.2096770837266666,1.4546539583333313,-0.015607083415833344,-5.043892500000006,1.4696879321593916,188.20224751045757
2019-11-11 05:45:00,0.1564679170833332,1.1727208365833341,-0.04469770890166669,-5.640259166666663,1.1831129995199579,187.5996903678259
2019-11-11 05:46:00,0.43102250970833383,0.7809752297500004,0.04533895847666668,-5.710928333333328,0.892021700049016,208.89443417745326
2019-11-11 05:47:00,0.980452304666667,0.4357325039250002,0.03649250059999999,-6.082640833333318,1.0729163698550457,246.03868591328745
2019-11-11 05:48:00,0.30016979413499967,0.8337981488333339,-0.043748958865833375,-5.339426666666644,0.8861835353407005,199.79902603656396
2019-11-11 05:49:00,-0.2890935422249997,1.3501095837500003,-0.07624395918416665,-4.628751666666667,1.3807139328223632,167.91399332769436
2019-11-11 05:50:00,-0.5881837634999992,1.5550483333333305,-0.05548937583666672,-3.7921158333333334,1.6625689335025455,159.28130343359123
2019-11-11 05:51:00,0.39807333943416634,-0.0624906298333329,0.10727541683416665,-6.392805833333326,0.40294846120221833,278.92163500113105
2019-11-11 05:52:00,0.7904160582499997,-0.4764983368166667,-0.025647084293333393,-4.722922499999995,0.9229345643806588,301.08346213095166
2019-11-11 05:53:00,0.6252858494999991,0.3511714602916664,0.04927979245916671,-4.444944166666665,0.7171497668606726,240.6806722807117
2019-11-11 05:54:00,0.3712235438999995,0.906801057999999,0.03685541730833331,-4.690184999999988,0.9798444153719469,202.26306662892077
2019-11-11 05:55:00,0.31583312573333394,1.164568545333335,-0.042565208717500025,-5.024896666666656,1.2066360097768871,195.17373691520737
2019-11-11 05:56:00,0.32435229268333304,1.3821035443333365,-0.015057083651666631,-5.214121666666652,1.4196529917651375,193.20718399634677
2019-11-11 05:57:00,0.14145979187416668,1.336793541666667,-0.023817916877500022,-4.420685833333326,1.344257358454397,186.04057187290243
2019-11-11 05:58:00,0.17417062590000007,0.9651758522500002,-0.009790208404999974,-5.182817500000008,0.9807649222382049,190.22921265719472
2019-11-11 05:59:00,0.8190004404166664,0.8607489797499996,0.022934583544166682,-6.21214500000001,1.1881290029047178,223.57626219460346
2019-11-11 06:00:00,0.5924116819166668,1.049607098833333,0.007208333332500003,-5.844542499999997,1.2052496267548312,209.44093896261387
2019-11-11 06:01:00,0.275837292608334,1.2771814593333326,-0.04644604197083331,-4.92439583333331,1.3066287506626804,192.1871800817233
2019-11-11 06:02:00,0.04565500099833328,1.1525329205833328,-0.03904104230333333,-4.78451083333333,1.1534368262477597,182.2684574807786
2019-11-11 06:03:00,0.05960791678333345,1.0230479340833332,-0.03202791725166666,-5.441245833333328,1.0247829912598203,183.33457020737376
2019-11-11 06:04:00,0.24785875000000013,1.0340291777499995,-0.015678958553333327,-5.122125833333325,1.0633204128530132,193.4795820880935
2019-11-11 06:05:00,0.5606804274999997,1.1868220856666665,0.03156916691333334,-5.3682183333333375,1.3125963601990365,205.2870636581358
2019-11-11 06:06:00,0.8617027364166667,1.225447708499999,-0.011373958426666692,-5.651964999999996,1.498083339542854,215.11388262288799
2019-11-11 06:07:00,0.5285039685916668,1.136694380583333,0.003124166725833358,-5.2876391666666605,1.2535511795163643,204.9359857750313
2019-11-11 06:08:00,0.4556854210833341,1.0792020962499995,-0.00256770874166669,-5.641357499999991,1.171463344513301,202.89155706885458
2019-11-11 06:09:00,0.359771041666667,1.4318745833333337,-0.04521562542666662,-5.192654166666651,1.4763807181137008,194.10410287720416
2019-11-11 06:10:00,0.4358491675833334,1.4501754166666674,-0.028758333761666612,-5.318832499999995,1.514256661199622,196.72811238093638
2019-11-11 06:11:00,0.6004991807500001,1.4297685417499986,-0.028701667035833343,-5.790743333333338,1.5507538002724155,202.7822828670829
2019-11-11 06:12:00,0.4498585466666674,1.3825731249999993,-0.014394791792500023,-5.179114999999988,1.4539192405293047,198.0237357460625
2019-11-11 06:13:00,0.3116497919416666,1.2293793775833346,-0.02425770871249996,-5.342187499999981,1.2682662365782948,194.22491934656654
2019-11-11 06:14:00,0.1962254169499998,1.3441887500000014,-0.04103437569833335,-5.542135000000004,1.3584357952747592,188.3054042012143
2019-11-11 06:15:00,0.2121860417083335,1.492821458333332,-0.05207104266750009,-5.2329358333333325,1.5078258595594871,188.08969539455524
2019-11-11 06:16:00,0.3058516667583334,1.483025833333332,-0.03249083396500002,-5.514881666666677,1.51423606627001,191.653010063685
2019-11-11 06:17:00,0.32410249999999974,1.3090310416666653,-0.022231458757499985,-5.614264999999997,1.3485565240482746,193.90618920539904
2019-11-11 06:18:00,0.4511512540000001,1.06268063275,-0.035768542067499944,-5.743511666666657,1.1544815205137382,203.00320186993633
2019-11-11 06:19:00,0.5868356368333338,1.1215697954166663,0.009009583400000005,-5.5000125000000075,1.2658178663016917,207.61978041035354
2019-11-11 06:20:00,0.7052706477500001,1.289905416666666,0.011079583500833351,-5.293617499999987,1.4701233521455639,208.6681412482156
2019-11-11 06:21:00,0.5269856336666674,1.331628752499999,0.0016199999850000013,-5.719467499999995,1.4321134705657101,201.59094269215848
2019-11-11 06:22:00,0.569976678008334,1.185717297916668,0.016098541575833347,-5.533896666666661,1.3155983140959935,205.6736868154063
2019-11-11 06:23:00,0.7009560628333331,1.1366479210833338,0.004314374782500032,-5.363805833333317,1.33540551838229,211.6615975543624
2019-11-11 06:24:00,0.3898795874166665,1.1886787549166673,-0.01890333357750001,-5.360944999999997,1.2509849220012321,198.15918390808238
2019-11-11 06:25:00,0.21343729179166682,1.4913406249999994,-0.03910791735749997,-5.460056666666663,1.5065365369956183,188.1447340118649
2019-11-11 06:26:00,0.0725510421233333,1.5298518749999992,-0.04092541725583338,-5.198048333333319,1.5315712236635275,182.71513636053834
2019-11-11 06:27:00,0.29585666740000033,1.181932298666666,0.028562291884166667,-5.305569999999999,1.2183985908874417,194.05328729823665
2019-11-11 06:28:00,0.4838556302499996,1.0929275075833345,0.01882750015166669,-5.083908333333321,1.1952434094179076,203.87970076645172
2019-11-11 06:29:00,0.3412635422083336,0.8292773205833329,-0.004558750342499983,-5.161224166666656,0.8967506229016242,202.36810693816363
2019-11-11 06:30:00,0.3238525000000002,0.6787916864166669,-0.04822875114416668,-4.442865833333348,0.7520894862346055,205.50587725151382
2019-11-11 06:31:00,0.16099791702750021,0.6586021030000005,-0.005054375050833333,-4.289285833333344,0.6779948815169752,193.73678480786734
2019-11-11 06:32:00,0.23830104176666667,0.8863435723333333,0.027492292220833433,-4.202389999999987,0.9178193257519115,195.04860073921773
2019-11-11 06:33:00,0.27229541672499974,1.035091263833333,0.028427917022499985,-5.0351516666666605,1.0703077680898743,194.73854010206236
2019-11-11 06:34:00,0.2510452083333334,1.1446006250000018,-0.044245625683333366,-4.995374166666649,1.1718081273730445,192.37079519114045
2019-11-11 06:35:00,0.07452416722749992,1.0792712563333335,-0.02378770863416667,-4.406859166666667,1.0818411603596365,183.95002952270013
2019-11-11 06:36:00,0.14587187599083326,1.1153200031666666,-0.012707916835000008,-4.440714166666665,1.1248187914810004,187.45137726632927
2019-11-11 06:37:00,0.8626668849999999,1.178378753000002,0.027481458559166682,-5.090068333333328,1.460400849081321,216.20709208156828
2019-11-11 06:38:00,0.9020662669999993,1.3542972924166676,-0.021356458593333322,-5.14829166666665,1.6272199317567466,213.66667094791495
2019-11-11 06:39:00,0.4070522948666674,1.3865483333333353,-0.03980562528666665,-4.5487875,1.4450632690043956,196.36078199638285
2019-11-11 06:40:00,0.06280312554166677,1.3584345833333318,-0.02714250036083332,-4.433798333333337,1.3598855649553034,182.64701271432173
2019-11-11 06:41:00,0.03344416665083342,1.13711521975,0.005328333387500002,-5.308229166666653,1.137606933553967,181.68466424920368
2019-11-11 06:42:00,0.32855083442499955,1.0701687560833337,0.024979791890000012,-5.842190833333335,1.1194672024218992,197.06692784684708
2019-11-11 06:43:00,0.18862354193416642,1.2119020857500018,-0.013447083766666677,-6.162113333333332,1.226493174060498,188.84668165518954
2019-11-11 06:44:00,-0.09588541768416661,1.244076874999999,-0.026905208499999993,-4.180243333333327,1.2477665183175217,175.59272414829334
2019-11-11 06:45:00,0.0924027088666667,0.8355339783333325,0.027466666952500027,-4.209903333333332,0.8406279138569119,186.31076487518683
2019-11-11 06:46:00,1.0337964700833326,0.6618504336666671,0.08270270939250011,-5.459179166666672,1.2275101376776953,237.3720805642423
2019-11-11 06:47:00,0.926947319166665,0.594201679416668,0.03386666716083335,-5.450672499999991,1.1010481226231013,237.3388822530656
2019-11-11 06:48:00,0.6939460626666663,0.4519893776666667,0.02275625017500003,-5.201334166666655,0.828163954428149,236.92250865212824
2019-11-11 06:49:00,0.4823866740083331,0.7618300266666659,0.030721667031666677,-4.828409999999993,0.9017105371413571,212.3417707128614
2019-11-11 06:50:00,0.23696770840833314,1.2076722967499982,-0.009383750164999993,-5.150044999999987,1.2307014549295505,191.10145384900662
2019-11-11 06:51:00,0.25983708335833344,1.2265877083333332,-0.03847437567500006,-5.223074166666668,1.2538072882714406,191.96056746342734
2019-11-11 06:52:00,0.1568058338350001,1.4885354166666651,-0.04467041744416664,-5.0743249999999875,1.4967717782600298,186.01349413971568
2019-11-11 06:53:00,0.3318837501666669,1.3824037501666655,-0.013358541882499998,-4.513013333333335,1.4216845473238962,193.49992057725694
2019-11-11 06:54:00,0.4434050043333331,1.1809741722499985,0.018581666952499985,-4.628012499999993,1.2614705677856348,200.57899709829715
2019-11-11 06:55:00,0.4579658383333333,1.0252693889999995,0.017495000135833317,-4.982958333333325,1.12290250204583,204.06929065222113
2019-11-11 06:56:00,0.2524733333499994,0.9158100296666665,-0.036316875699166716,-4.666629166666663,0.9499741020106393,195.41263102054785
2019-11-11 06:57:00,0.09216041693500003,0.9637062705833322,-0.025795000240833334,-4.533078333333332,0.968102948250478,185.46265374692226
2019-11-11 06:58:00,0.04457729195666673,0.8572229509166666,-0.025226666727500006,-4.453825833333325,0.8583812221481011,182.97681268830783
2019-11-11 06:59:00,0.1242650003425001,0.9353006539166665,-0.04322562536583335,-4.637444166666658,0.9435195300188892,187.56805294329095
2019-11-11 07:00:00,0.2993166679166665,1.1571789619166677,-0.016306041585833327,-4.789388333333334,1.195262990975322,194.5023130222789
2019-11-11 07:01:00,0.7727487794166678,1.055388553500001,0.02269208348416665,-5.16732416666665,1.3080465110036317,216.21135077559134
2019-11-11 07:02:00,0.5941816815000002,1.0500991744166668,-0.003371041502499999,-4.842867499999996,1.206548857999846,209.5026515493123
2019-11-11 07:03:00,0.3644418752499998,1.2549677087500009,-0.013205000056666671,-4.71074416666665,1.3068136173307054,196.1932656892277
2019-11-11 07:04:00,0.32126604170833345,1.4432150000000008,-0.03842208379333335,-5.562785000000001,1.4785402956226599,192.54967396973746
2019-11-11 07:05:00,0.31611604166666735,1.5141570833333315,-0.032794375519166724,-5.444586666666668,1.546803486163483,191.79246351214806
2019-11-11 07:06:00,0.4900589637499986,1.4264691689999978,-0.01572812517750002,-5.160299166666659,1.5083010568382118,198.9599966313076
2019-11-11 07:07:00,0.48224271525000034,1.1954887546666664,-0.034241667010833324,-4.80248249999999,1.289089368099105,201.96842904390127
2019-11-11 07:08:00,0.3757981263333327,1.0661883416666667,-0.041222500484166695,-4.9666683333333275,1.1304785763832768,199.41596411833723
2019-11-11 07:09:00,0.3944858354166667,0.9227912747500001,-0.002694583177499988,-5.72431333333334,1.0035750151827791,203.14631755926678
2019-11-11 07:10:00,0.460407297833333,0.8916904395833333,-0.0034510416391666677,-5.936611666666658,1.0035371044174248,207.30870315790648
2019-11-11 07:11:00,0.6551537660000003,1.328033750500001,-0.028438333500833354,-5.446784166666651,1.48084438735847,206.25832815171046
2019-11-11 07:12:00,0.5412595955916657,1.2296714648333342,-0.023512916975833374,-5.535385833333333,1.3435229291848396,203.75746341890243
2019-11-11 07:13:00,0.37607271128333386,0.7728239722500009,-0.02500291681750004,-5.967275000000004,0.8594693573689919,205.94854747502563
2019-11-11 07:14:00,0.49279834058333344,0.829105228,-0.027473749999166634,-5.417339999999997,0.9645028167810703,210.72613619968283
2019-11-11 07:15:00,0.5393104274166665,0.7773460650833338,-0.03562750047333336,-5.534914999999991,0.9461092125229995,214.75230251410912
2019-11-11 07:16:00,0.23053270858333336,1.1754070895000006,-0.01975020859833334,-5.6045025000000015,1.1978009666775322,191.0965737076887
2019-11-11 07:17:00,0.020687500058333277,1.4608397916666644,-0.04379833407750004,-5.598427499999994,1.4609862660461141,180.81133278456286
2019-11-11 07:18:00,0.14502458330916657,0.9771352325000017,-0.017186875195833305,-6.1972349999999965,0.9878387481551986,188.44210499549087
2019-11-11 07:19:00,0.5047887588333331,1.127849385750001,-0.016216250370000004,-5.444738333333337,1.2356601183097038,204.11173924055137
2019-11-11 07:20:00,0.48997208991666646,0.9974977273333338,0.011174375166666658,-5.288314166666667,1.1113389964058995,206.1603265916335
2019-11-11 07:21:00,0.6675502284166672,1.0858858415000017,0.010110625160000017,-5.153976666666647,1.2746651984851989,211.5811945411252
2019-11-11 07:22:00,0.7147198127500003,1.2902450000000005,-0.024357500567500003,-5.399572499999985,1.4749768034658703,208.98387321156238
2019-11-11 07:23:00,0.8255646090833324,1.3313764587499992,-0.0011381249900000111,-5.420534166666672,1.5665631805594704,211.80236956578565
2019-11-11 07:24:00,0.39987417104166606,1.1839522980833346,-0.021766666921666684,-5.869189166666663,1.2496569116373777,198.66214861591516
2019-11-11 07:25:00,0.29261375051666694,1.466253541666668,-0.024043958791666695,-6.532555,1.4951662969186663,191.28599782032904
2019-11-11 07:26:00,0.40778041877583326,1.4228964589999988,-0.010007291887500002,-6.619123333333332,1.480175396016205,195.99149488279184
2019-11-11 07:27:00,0.5887939726750001,1.1605333397499977,0.020453750202500023,-5.945374166666667,1.301351595430571,206.90085616927877
2019-11-11 07:28:00,0.2911570837499998,1.1635629191666659,-0.013193333604999993,-5.240292500000004,1.1994378326021975,194.04858700365614
2019-11-11 07:29:00,0.040698750539999995,1.198162920083335,-0.032428750740833304,-4.660340000000003,1.1988539407943495,181.94545364661224
2019-11-11 07:30:00,-0.2723054166999999,0.9041950259166665,-0.013559166987499982,-4.163179166666658,0.9443086809177398,163.239913639445
2019-11-11 07:31:00,-0.1543541668175,0.625114392,0.01419812531666668,-4.236599166666665,0.6438891301299116,166.12988729648785
2019-11-11 07:32:00,0.8845225071666679,0.8952985640000003,0.10340562562000007,-5.3584233333333255,1.2585466158966345,224.6531027517043
2019-11-11 07:33:00,0.9790062690833332,0.38501188344083404,0.031266042076666604,-6.243228333333338,1.0519921222590625,248.53187120036523
2019-11-11 07:34:00,0.5428858427499994,0.7121606501666663,-0.0004797916333333167,-5.40254499999999,0.8954874817127183,217.31856766983378
2019-11-11 07:35:00,0.26588791690000013,1.111094594833333,-0.0052395834299999895,-5.678009999999987,1.142465571919465,193.45794992678202
2019-11-11 07:36:00,0.39631312692500015,1.0323364758333318,-0.007346875260000001,-5.691679166666672,1.1057950505898706,201.00175504607324
2019-11-11 07:37:00,0.20132770836666675,1.020040433416667,-0.03271062544250001,-5.29471583333333,1.039718871599932,191.16509311489426
2019-11-11 07:38:00,0.06430812578166657,1.0268808522500017,-0.0018181249858333348,-4.823400833333319,1.0288925209948998,183.5834524405898
2019-11-11 07:39:00,0.10742041726666672,1.1935856254166681,-0.03986020906166661,-4.849994166666657,1.1984096925705514,185.14265556070535
2019-11-11 07:40:00,0.36614354266666665,1.2388568765833312,-0.013301250018333316,-5.152714166666657,1.2918310471939838,196.46501890711164
2019-11-11 07:41:00,0.6767804344166655,1.3247754167500014,-0.000982500195000009,-5.068531666666653,1.487636266442288,207.06086581907874
2019-11-11 07:42:00,0.2695745836341671,1.389828751333334,-0.01627020832666667,-5.19583833333332,1.41573105291023,190.97692805616313
2019-11-11 07:43:00,0.1687250003833332,1.2946447955833311,-0.012884166756666668,-5.8486883333333335,1.3055930730841678,187.42524119225314
2019-11-11 07:44:00,0.5635566786666668,0.7783646089999995,-0.020764583640833324,-6.139208333333346,0.9609618070524587,215.90553819360036
2019-11-11 07:45:00,0.45607479566666626,0.8711204437500008,0.012271041975833334,-5.663036666666661,0.9832878758337201,207.6342898258971
2019-11-11 07:46:00,0.35511041775,0.8999208603333337,0.016767708400833328,-5.606840000000012,0.967450755158973,201.5342828027129
2019-11-11 07:47:00,0.37847270960000035,1.2182818809166662,-0.03168708367666666,-5.526333333333326,1.2757164000207164,197.25798359602467
2019-11-11 07:48:00,0.1672412506333337,1.1624320844999991,-0.04989812565083329,-5.9441366666666715,1.1744011184379954,188.18706972407378
2019-11-11 07:49:00,0.3820685445666661,0.716534605333333,0.014629166785000028,-5.610616666666677,0.8120333819415836,208.06730432076046
2019-11-11 07:50:00,0.728195023166667,0.6186693901666673,0.08107187592499997,-6.128022500000008,0.9555206989353494,229.649004438793
2019-11-11 07:51:00,0.7346248174166652,1.0225773056666676,0.07267104325333344,-5.535390833333351,1.2591020484571416,215.69366170807842
2019-11-11 07:52:00,0.5086633398333337,1.1676454268333332,-0.03136583381000004,-5.7130133333333255,1.2736303373016828,203.53946699620195
2019-11-11 07:53:00,0.5959610545833326,1.4857487508333338,-0.02727375039083336,-5.248512499999986,1.6008182061629888,201.85662564830187
2019-11-11 07:54:00,0.7861396029166667,1.0835643842499973,-0.04948812540666666,-5.57655333333333,1.3387035706567196,215.9613578156791
2019-11-11 07:55:00,0.7509439806750011,0.8731806342499996,-0.05319562533333333,-5.990659999999991,1.1516775947031566,220.6958567564887
2019-11-11 07:56:00,0.33371625155000006,1.428178959916667,-0.058012083741666665,-5.600180000000001,1.4666498144060278,193.1520738896106
2019-11-11 07:57:00,0.23303562517499946,1.6449618751666675,-0.04626041714166661,-5.635079166666651,1.661386521358754,188.06322429622406
2019-11-11 07:58:00,0.4585602148416664,1.4428610429166675,-0.030968125402499994,-4.856980833333335,1.5139767038505607,197.63094101193144
2019-11-11 07:59:00,0.602502932,1.1652560445833342,-0.025652500553333353,-4.714841666666662,1.3118046472347147,207.3415072984515
2019-11-11 08:00:00,0.24320854195833305,1.2680727087499997,-0.02612791680416667,-4.349982500000002,1.291185033044474,190.85713310493648
2019-11-11 08:01:00,-0.0630931256583333,0.7855698152499988,-0.009713125286666667,-5.020525833333324,0.7880994081568996,175.40813956455327
2019-11-11 08:02:00,0.18827958385166668,0.7492866914166666,-0.019201666970000003,-5.505846666666662,0.7725799296056634,194.10516263266405
2019-11-11 08:03:00,0.3543877095833341,0.9152316995833327,0.0026108333766666704,-4.839893333333322,0.9814477635747698,201.16694745414935
2019-11-11 08:04:00,0.5889525130833345,0.9607429504999989,-0.0012435416816666666,-4.520063333333334,1.1268948840076516,211.5090377577903
2019-11-11 08:05:00,0.5850781376666672,1.0288283544166672,-0.012819166853333317,-4.8930916666666535,1.183555748592859,209.62619343359043
2019-11-11 08:06:00,0.7316168994166661,1.0845693826666682,-0.021553333615833354,-5.045805833333327,1.3082637476174344,214.00238229795113
2019-11-11 08:07:00,0.8518548267500005,0.7908291845000002,-0.03004645872416667,-4.8566999999999805,1.162354268247942,227.1275574092063
2019-11-11 08:08:00,0.7046796046666669,0.66354480875,-0.004459999916666653,-5.35356916666667,0.9679178986113667,226.722042427172
2019-11-11 08:09:00,0.4091152094999998,1.0778995915833343,0.010333124994166668,-4.779876666666652,1.1529279180329304,200.78418441667316
2019-11-11 08:10:00,0.3933722925000003,0.8616833549166669,0.012906041872500018,-4.5812100000000004,0.9472275147223862,204.5374593341883
2019-11-11 08:11:00,0.14056729208333318,0.5688831344166677,-0.035965000798333334,-4.602557499999993,0.5859924779614271,193.87939920546037
2019-11-11 08:12:00,0.12813687563333326,0.621950016750001,-0.008613541935833321,-4.474939166666649,0.635012505571661,191.64144122539622
2019-11-11 08:13:00,0.34846895900000013,0.3515937532924998,-0.025812291950833333,-5.093705000000007,0.4950240223876524,224.744256717791
2019-11-11 08:14:00,0.5106020896666668,0.5636973026666672,-0.030322708404999954,-4.325266666666666,0.7605715896650643,222.17056686879317
2019-11-11 08:15:00,0.6196514720833329,0.8415744025000008,0.04368395914166669,-4.457287499999993,1.0450911069367468,216.36422650654544
2019-11-11 08:16:00,0.4917072979166656,1.0159237670833323,0.04467937553500001,-4.950800833333321,1.1286616708957993,205.82699101782055
2019-11-11 08:17:00,0.3480037527175,0.8699539765000013,0.0761045842,-5.299010833333329,0.9369773386446588,201.8026677620346
2019-11-11 08:18:00,0.08797875072666671,0.7136912725833329,0.03275125040666666,-5.907501666666674,0.7190935218322039,187.02755924648747
2019-11-11 08:19:00,0.061359792365833436,0.6158629328333328,-0.030226458682500023,-6.012074166666673,0.6189120908152081,185.689728879053
2019-11-11 08:20:00,0.09199520954333328,0.8316700340833326,-0.027334792007499983,-5.462419166666656,0.8367425913452078,186.31211374845608
2019-11-11 08:21:00,0.1617779170083334,1.047720219916667,-0.023050833717499993,-4.782238333333315,1.0601366674414128,188.77768860466654
2019-11-11 08:22:00,0.21702604168333361,0.9887335644166688,-0.053072709526666685,-4.856061666666662,1.0122718825359258,192.38003637706748
2019-11-11 08:23:00,0.23013583336666685,0.9242021164166664,-0.032308750606666645,-4.605737499999995,0.9524243034427543,193.98286029144978
2019-11-11 08:24:00,0.2739220833333335,1.0620052116666656,0.005813749922500001,-4.492152499999999,1.0967626805033224,194.4630213043484
2019-11-11 08:25:00,0.3189829166666662,1.111793133083333,-0.007625208528333334,-5.170753333333315,1.1566477734800804,196.008636119212
2019-11-11 08:26:00,0.4096656252500004,1.2965302083333343,-0.017486041843333324,-4.982684999999989,1.3597119200890875,197.5350125305132
2019-11-11 08:27:00,0.37598354224999964,1.274135208333333,-0.006110000006666675,-5.066411666666648,1.3284517880440687,196.44076085670957
2019-11-11 08:28:00,0.3666112503333336,1.0601035504999983,-0.019163541899999983,-4.99053833333333,1.1217055525643407,199.07671023546078
2019-11-11 08:29:00,0.4254789613333334,1.0403506410000007,-0.049607500695000015,-5.090986666666657,1.1239936844868856,202.2434079175875
2019-11-11 08:30:00,0.43040375327500063,1.0947279269999992,-0.024556875300833378,-5.1595633333333275,1.1762978470552954,201.46279080398693
2019-11-11 08:31:00,0.35549125103333384,0.8983841910833339,-0.0013529165825000007,-5.122276666666661,0.9661615725900616,201.58874009934354
2019-11-11 08:32:00,0.21624000000000052,1.0323068843333352,-0.021955625304166705,-5.2206374999999845,1.0547119232482385,191.83083420268719
2019-11-11 08:33:00,0.18713291697499998,1.085110215916666,-0.03285500053166665,-5.290715833333327,1.1011280167638482,189.78471187369288
2019-11-11 08:34:00,0.27638874999999996,1.2241866674166662,-0.014923333537499995,-4.968224166666656,1.2549994971342762,192.72255221883785
2019-11-11 08:35:00,0.31165958333333327,1.2087335418333325,0.0009943749608333258,-4.635154999999985,1.2482661859701476,194.4582206851498
2019-11-11 08:36:00,0.29251645833333356,1.0247648067500001,0.05518729239833333,-4.680224999999997,1.0656963861950748,195.93125799567696
2019-11-11 08:37:00,0.21346125002499994,0.5351879250833343,0.023649583788333352,-5.246797499999997,0.5761873136552386,201.74472792504025
2019-11-11 08:38:00,0.3082883333416665,0.5894441807499994,0.02149854189583337,-5.197102499999992,0.6651963159057787,207.61025615441895
2019-11-11 08:39:00,0.3657916669500001,0.7588539845000006,0.05017770932749986,-5.383392499999991,0.8424149294745357,205.73553999246138
2019-11-11 08:40:00,0.16723833345,0.8842741988333332,-0.023122916717499966,-5.079885833333313,0.8999497313169591,190.709570772831
2019-11-11 08:41:00,0.32686374999999984,0.7911914882500003,0.011224791687500001,-4.149735833333337,0.8560513314885462,202.4469144970522
2019-11-11 08:42:00,0.468421251083333,0.8451054510000009,-0.0012235416625000042,-3.7316324999999955,0.9662410112266969,208.99852969644735
2019-11-11 08:43:00,0.5618977180000001,0.8760900361666677,0.05655541750250003,-4.204459999999997,1.0407991146057536,212.67488772109223
2019-11-11 08:44:00,0.5083520913333331,0.9436585705000002,0.019775833728333327,-3.948124166666665,1.0718737548989048,208.31149805096504
2019-11-11 08:45:00,0.5278439677500001,1.1975464600833328,0.014225000009999962,-4.486491666666663,1.3087156980598134,203.78650258950165
2019-11-11 08:46:00,0.5420229263333334,1.5818264583333317,-0.04780062585666668,-4.467760833333332,1.6721135717870128,198.91435080707782
2019-11-11 08:47:00,0.4105554196749997,1.6486574999999968,-0.03541875066166667,-5.112282499999988,1.6990077412804083,193.98360456226553
2019-11-11 08:48:00,0.27838229178333407,1.5701483333333348,-0.0048493752683333325,-5.179590833333326,1.5946355348630579,190.05388265643316
2019-11-11 08:49:00,0.22153812510833368,1.193116879833334,-0.01916875017583332,-5.296633333333332,1.213510210018748,190.518893857938
2019-11-11 08:50:00,0.3719491676249998,1.3008122943333325,-0.030335833725,-4.937285,1.3529444956781038,195.95714397819066
2019-11-11 08:51:00,0.39038041674999974,1.5409012500000008,0.004133958609166656,-4.391951666666663,1.589582816978552,194.21650919823097
2019-11-11 08:52:00,0.3200068750000001,1.2116922926666673,-0.04627791725500007,-4.360273333333325,1.2532368539725722,194.79398691705188
2019-11-11 08:53:00,0.40798520933333304,1.1062239591666652,0.01893458348416667,-3.612779166666665,1.1790603796537034,200.24442171614797
2019-11-11 08:54:00,0.2887243751666663,1.0245875159999984,-0.0036258334216666644,-3.555333333333337,1.0644911191543258,195.73760907205622
2019-11-11 08:55:00,0.1612893753916667,1.1054485466666686,-0.019096666693333358,-3.908904166666664,1.1171529671185068,188.30111005522525
2019-11-11 08:56:00,0.29461729166666684,1.2442662500000001,-0.011029791754166678,-3.6349891666666623,1.278670344317903,193.3211587512271
2019-11-11 08:57:00,0.5652375103333341,1.0421837672500007,0.04798666746250007,-3.9299474999999977,1.1855970849353628,208.47357904351867
2019-11-11 08:58:00,0.8145069059999995,1.0807662619166662,-0.054612500909166674,-4.173508333333336,1.3533208092758406,217.0030806803104
2019-11-11 08:59:00,0.5730154291666665,1.0474552231666654,-0.050891875575000016,-3.6768608333333344,1.193946869254318,208.68107690268556
2019-11-11 09:00:00,0.449093129258333,0.8247831579166683,0.006610625190833325,-3.5691066666666704,0.9391229399445175,208.5682223675234
2019-11-11 09:01:00,0.32784645841666626,0.8728106594166667,-0.014897083557500001,-3.259365000000001,0.9323528020485097,200.58725851042584
2019-11-11 09:02:00,0.21978479179166674,0.9303850243333337,-0.01653708360499995,-3.216304999999999,0.9559924938024588,193.2913148024421
2019-11-11 09:03:00,0.3113493759658334,1.0247329308333335,0.03793145865000003,-3.489308333333332,1.0709883348797908,196.90059925652358
2019-11-11 09:04:00,0.2845997920833332,0.9255937763333327,0.10821562567583319,-3.1522641666666726,0.9683598920034204,197.09151522635338
2019-11-11 09:05:00,0.33762541666666684,0.8714954505833326,0.01710208366666664,-3.7225166666666647,0.9346096738033404,201.17682960820466
2019-11-11 09:06:00,0.30347354166666635,0.9891450232500008,0.011064583412500016,-3.418103333333331,1.034651664818626,197.05621720611273
2019-11-11 09:07:00,0.2368906250083329,1.0372554253333335,-0.0012527083299999995,-3.571309166666675,1.0639623985838378,192.86469477555067
2019-11-11 09:08:00,0.30159937500833306,0.8515287756666674,-0.028350000314166658,-3.694077499999997,0.9033622965310157,199.50342104569833
2019-11-11 09:09:00,0.26540604191666683,1.0719454250833342,0.012259166758333336,-3.855492500000006,1.1043130722050525,193.90636446670382
2019-11-11 09:10:00,0.1969389585241666,1.0141393866666675,-0.045136042408333354,-4.283407500000005,1.0330845313783514,190.98966861511542
2019-11-11 09:11:00,0.2379560416749997,0.9791825222499995,-0.04993812568916662,-4.069244999999992,1.0076812440695246,193.6589596967552
2019-11-11 09:12:00,0.14217104195916674,1.0632183409999987,-0.05792270937499989,-3.6232325000000007,1.0726816143714522,187.61627652836916
2019-11-11 09:13:00,0.023489792200000043,1.0933441684166685,-0.037171667405833386,-3.200135000000002,1.0935964708009693,181.23077341711627
2019-11-11 09:14:00,0.07104770890833338,1.0758720954999996,-0.023197083690833318,-3.1895391666666697,1.0782154435996005,183.7781739343105
2019-11-11 09:15:00,0.1823535418249999,0.7688154433333333,-0.025017292153333346,-3.0950949999999917,0.790145556289442,193.34327743932326
2019-11-11 09:16:00,0.11072645897499996,0.46483104549999893,-0.0050512500874999875,-2.868829166666668,0.47783705337464616,193.3986100551951
2019-11-11 09:17:00,0.2024072917166665,0.5988266810833331,-0.002986666686666676,-2.7517533333333333,0.6321092514094029,198.6755858771393
2019-11-11 09:18:00,0.42140375183333373,0.8015781525833336,-0.0058064583341666705,-2.5838949999999987,0.9055985074844812,207.73169541901666
2019-11-11 09:19:00,0.42764104425000066,0.9000200373333314,-0.017954166714166636,-2.4569274999999995,0.9964501644983166,205.4145493807168
2019-11-11 09:20:00,0.2236566668333331,0.6566881435000004,0.02062166682666668,-2.383716666666667,0.6937302230928631,198.8079582132555
2019-11-11 09:21:00,0.155761875575,0.5828118875833322,0.017194375258333353,-2.4367366666666674,0.6032673190146209,194.9631116117351
2019-11-11 09:22:00,0.0442437503408333,0.7896658617500001,-0.01333750011916667,-2.8568625000000036,0.7909043448215418,183.206840614579
2019-11-11 09:23:00,0.023194375499166673,0.6690812685833342,-0.02572854197249998,-2.7758424999999987,0.6694831760573824,181.98542079603956
2019-11-11 09:24:00,0.10920687556666661,0.7403610684999994,-0.0026720833058333383,-2.525671666666661,0.7483720020294014,188.3909010416436
2019-11-11 09:25:00,0.07739291684249999,0.6232958490833325,-0.052150000225833326,-2.4052658333333343,0.6280823027771937,187.07803120218134
2019-11-11 09:26:00,-0.007706666716666669,0.46359625608333366,-0.02050166676583331,-2.266315833333329,0.4636603081636012,179.0476221420746
2019-11-11 09:27:00,-0.17371625002500027,0.49669813049999995,-0.03543437590000004,-2.1206216666666697,0.5261999319317168,160.72311854413044
2019-11-11 09:28:00,-0.2712791666666671,0.48394396191666655,0.024163750550833342,-2.175075000000002,0.5547919831278759,150.7267952624833
2019-11-11 09:29:00,-0.36729708450833304,0.4620829209166668,0.02634104212250005,-2.1332233333333335,0.5902777092955485,141.5197710703081
2019-11-11 09:30:00,-0.3677768756666666,0.7511366920000003,0.005549791735833323,-2.002179166666664,0.8363409354705998,153.9123777387942
2019-11-11 09:31:00,-0.4765506294999998,0.8104906543333346,0.007047916831666671,-2.0312074999999976,0.9402104037068101,149.54541083124326
2019-11-11 09:32:00,-0.6793483482499998,0.4578481288333331,0.05572729246500002,-1.991182500000002,0.81923079003794,123.97807609553583
2019-11-11 09:33:00,-0.8383387715833323,0.6271785551000008,0.011129375123333375,-1.8050500000000007,1.0469789090125814,126.80092137660716
2019-11-11 09:34:00,-0.31840041986666673,0.45285063159999966,-0.09602770824999998,-1.7586208333333377,0.5535815404362652,144.88885075738781
2019-11-11 09:35:00,-0.06776916671750005,0.49525438521666626,-0.019745000024999966,-1.7464766666666673,0.4998695490164633,172.20820423927864
2019-11-11 09:36:00,0.25809875075000027,0.46168354774999953,-0.07296958321666662,-1.6919733333333316,0.5289297338983098,209.2068590112059
2019-11-11 09:37:00,-0.19219875473333342,0.23321041676666676,0.09936062516333335,-1.6918733333333296,0.30220433453133405,140.50659456972113
2019-11-11 09:38:00,-0.5504473028333334,0.43419937850000007,-0.02820625040999996,-1.7413941666666668,0.7010858246222625,128.26679669984134
2019-11-11 09:39:00,-0.4475079189166673,0.17024354209250034,-0.0033168750083333322,-1.6667133333333346,0.4787966176962066,110.82810440758577
2019-11-11 09:40:00,-0.5709056369999999,0.20457979198416704,-0.04855708409083341,-1.6709558333333339,0.6064537390821008,109.71476340765824
2019-11-11 09:41:00,-0.6714595961666661,0.3218754177333334,-0.004910833385833332,-1.6066608333333345,0.7446218999098201,115.61151104708752
2019-11-11 09:42:00,-0.8455745974166664,0.42359729628333287,-0.021969375158333283,-1.5800475000000025,0.9457436593574958,116.60894242700337
2019-11-11 09:43:00,-0.8189668908333325,0.5208873021666658,-0.0008606251824999794,-1.5988975000000019,0.9705824796686178,122.45757374131816
2019-11-11 09:44:00,-0.7674968915833331,0.16609270899000037,-0.07037375032083329,-1.5153499999999998,0.7852631829964496,102.21098318844
2019-11-11 09:45:00,-0.32517125388333334,-0.010913750251666634,-0.01462874998333338,-1.4506283333333334,0.3253543518943845,88.07769850922773
2019-11-11 09:46:00,-0.604119363316582,0.3121637353601342,0.0010041871842546132,-1.4318827470686781,0.6800047079307792,117.32654105998084
2019-11-11 09:47:00,,,,,,
2019-11-11 09:48:00,,,,,,
2019-11-11 09:49:00,,,,,,
2019-11-11 09:50:00,,,,,,
2019-11-11 09:51:00,,,,,,
2019-11-11 09:52:00,,,,,,
2019-11-11 09:53:00,,,,,,
2019-11-11 09:54:00,,,,,,
2019-11-11 09:55:00,,,,,,
2019-11-11 09:56:00,,,,,,
2019-11-11 09:57:00,,,,,,
2019-11-11 09:58:00,,,,,,
2019-11-11 09:59:00,,,,,,
2019-11-11 10:00:00,-0.4941262994818652,0.21031671005440403,0.02632577740932642,-1.2675984455958547,0.5370232009585342,113.05622914655811
2019-11-11 10:01:00,-0.5388825116666665,0.28800479166666665,-0.013484583555833325,-1.443760833333334,0.6110164657381459,118.12219553370204
2019-11-11 10:02:00,-0.30211958333333344,0.34241145833333314,0.034555625586666666,-1.4621716666666664,0.4566419269312302,138.57710341669036
2019-11-11 10:03:00,-0.3094472916666663,0.22401770850000005,-0.002293749975000002,-1.4027375000000013,0.38202298365599135,125.90184990974603
2019-11-11 10:04:00,-0.3579120833333335,0.18741062506583356,0.0023360417208333245,-1.4002566666666694,0.4040096555573561,117.63754168128557
2019-11-11 10:05:00,-0.45972771066666696,0.33855500000000005,-0.044585417642500035,-1.4002724999999987,0.5709369982579643,126.36886151030775
2019-11-11 10:06:00,-0.26666291697583383,0.30599062500833385,-0.018300000281666725,-1.3086758333333341,0.40588098487493995,138.92869158343345
2019-11-11 10:07:00,-0.15275229201999999,0.16317395857500033,-0.007811250134166725,-1.2312374999999987,0.22351510793322063,136.88936835018873
2019-11-11 10:08:00,-0.15620208379166686,0.047384791919166704,-0.007390625076666663,-1.0401374999999986,0.16323115354025297,106.87547288350787
2019-11-11 10:09:00,-0.049063333875833316,-0.16064104171749988,-0.0037904165866666562,-1.1406616666666636,0.1679665294488608,16.98383265493627
2019-11-11 10:10:00,-0.22704187512500018,-0.11200041740749996,-0.06522520855166655,-0.906801666666666,0.2531641889362127,63.74274244965278
2019-11-11 10:11:00,-0.2721191672083334,-0.19291979225750017,0.031097500125833434,-0.6270133333333331,0.3335669159356694,54.66513837572425
2019-11-11 10:12:00,-0.2810954169166666,-0.01061937521750002,0.020880625086666674,-0.6959591666666654,0.28129593765563815,87.83647782712715
2019-11-11 10:13:00,-0.5760616774999993,0.12199270900166695,0.010046458494999995,-0.9318016666666674,0.5888372248199655,101.95688669708112
2019-11-11 10:14:00,-0.5960054327500007,0.017102500242500075,0.032086250392499974,-0.6956633333333332,0.5962507621647627,91.64366330724957
2019-11-11 10:15:00,-0.6515371035000009,0.0837697918258334,-0.031347083685000006,-0.8482000000000017,0.6569002780176869,97.32647030175822
2019-11-11 10:16:00,-0.6871791869166658,-0.012673958215000003,0.004992916617500002,-0.7520016666666666,0.6872960527664083,88.94338768043198
2019-11-11 10:17:00,-0.5748216790833333,0.09115208359250011,0.014481458484999982,-0.7291366666666669,0.5820040077932769,99.01062507719375
2019-11-11 10:18:00,-0.6912031475000001,-0.06304708335833341,-0.02972770858333332,-0.6890708333333327,0.694072565250853,84.78827111287342
2019-11-11 10:19:00,-0.8224527356666672,0.043134583432499894,-0.016704791667499993,-0.5906916666666667,0.8235830830544542,93.00219967157064
2019-11-11 10:20:00,-0.5241285534166685,-0.14993520849166675,0.011280416834166668,-0.5325075000000009,0.5451525541094796,74.03599015703774
2019-11-11 10:21:00,-0.41897854458333317,0.020548541682499994,0.03791833389250002,-0.46998749999999984,0.41948213714822896,92.80778601448027
2019-11-11 10:22:00,-0.5062709304025429,0.14908474600847454,0.01037155764406779,-0.499866525423729,0.5277655885552485,106.4084470852028
2019-11-11 10:23:00,-0.8017225301666657,0.054255833492499995,-0.024232291709166673,-0.5659775000000002,0.8035562897798798,93.87153602265133
2019-11-11 10:24:00,-0.7507454414166659,0.18427520872500003,0.03460791722750002,-0.6087375000000002,0.7730304459454018,103.79096246391269
2019-11-11 10:25:00,-0.9003425265833336,0.25565187527499994,-0.0060375001641666615,-0.6331633333333341,0.9359351187481346,105.85187274413586
2019-11-11 10:26:00,-0.9261673182499999,0.22044291684166684,-0.009869791817499996,-0.668025833333333,0.9520404303284912,103.3882174148002
2019-11-11 10:27:00,-0.931139812,0.2367266672666668,-0.02429208336083335,-0.5989158333333324,0.9607605656387956,104.26429304954452
2019-11-11 10:28:00,-0.6902337699999994,0.014795625241666643,-0.02565208343499999,-0.5325424999999996,0.6903923288788079,91.22798552331045
2019-11-11 10:29:00,-0.7811125292499996,0.10911395845083331,-0.027281875355833367,-0.6717516666666673,0.7886967980663683,97.95221452562423
2019-11-11 10:30:00,-1.0123864794166657,0.13784375020916675,-0.007576666530833327,-0.6894950000000002,1.0217275973454951,97.7535560166289
2019-11-11 10:31:00,-1.0359373046666671,0.026020000056666857,-0.024780625115,-0.54458,1.0362640298702779,91.4388156354016
2019-11-11 10:32:00,-0.766464816583334,0.036938958407499986,-0.010430416805833337,-0.4933983333333332,0.76735441727298,92.75917440464349
2019-11-11 10:33:00,-1.0896945906666666,0.435799793333333,-0.001778333369999997,-0.6135291666666659,1.1736080098557482,111.79787192355735
2019-11-11 10:34:00,-1.0599637597500022,0.3295539588833336,0.01058062510749999,-0.6631049999999997,1.1100130556885528,107.27102269869246
2019-11-11 10:35:00,-0.962759812833332,0.07273791680000001,-0.011126458400833336,-0.6021616666666658,0.9655036311414247,94.32057206146935
2019-11-11 10:36:00,-0.7328393982500008,0.04618104203333333,-0.015263958517499997,-0.4484974999999996,0.734293042504631,93.60581684846257
2019-11-11 10:37:00,-0.769598360916667,0.24652604175833356,-0.009169374989166666,-0.4753849999999998,0.8081192525801202,107.7618617262708
2019-11-11 10:38:00,-0.880625447916666,0.3643418762166664,0.010291666804166674,-0.6605691666666668,0.9530195078189687,112.4763867598392
2019-11-11 10:39:00,-0.8850802238333341,0.1199856251333334,-0.01864833325333334,-0.3561066666666665,0.8931761040575938,97.72022057181871
2019-11-11 10:40:00,-0.9328246453561773,0.2795060866636611,-0.021252254192064956,-0.40386203787195674,0.9737995027036684,106.68000955395551
